type,name,lat,lon
hospital,Icddrb,23.764376,90.368996
hospital,Amri Hospitals,23.841426,90.432162
hospital,Bari-Llizarov Orthopedic,23.877905,90.4196
hospital,Rushmono Gen eral Hospital,23.761275,90.416893
hospital,Mukti,23.694652,90.359842
hospital,Millennium Heart & Feneral Hospital,23.696022,90.356015
hospital,Diagnosis,23.833167,90.347975
hospital,Shoboj Moti Shastha Seba,23.839069,90.361863
hospital,South View Hospital,23.808296,90.385955
hospital,Cholera Hospital (Icddrb),23.70193,90.417842
hospital,Dhaka Shishu Hospital,23.855602,90.462573
hospital,Theol Medical College,23.757039,90.410722
hospital,Shamoli Orthoprdic General Hospital (Pvt) Ltd,23.84215,90.367353
hospital,Fashion Eye Hospital Ltd,23.747617,90.412363
hospital,Vision Eye Hospital,23.82839,90.423888
hospital,Stone Cursh Hospital,23.87408,90.354999
hospital,Cresent Gestolever &,23.780117,90.355011
hospital,Renaissance Hosspital &,23.709619,90.347842
hospital,General Hospital Ltd,23.851927,90.33992
hospital,Diabetic Association Of Bangladesh,23.693843,90.436484
hospital,Monowara General Hospital,23.814338,90.372
hospital,Kemal Ataturk Avenue,23.787246,90.466236
hospital,Penta Star Hospita l,23.765537,90.331354
hospital,I.R. Ltd,23.852335,90.364812
hospital,Dhaka Renal Centre &,23.741503,90.33811
hospital,Dhaka General Hospital,23.832502,90.405513
hospital,Grain & Mind Hospital,23.722847,90.348524
hospital,Dhanmondi Hospital (Pvt),23.697131,90.398039
hospital,Mother Care Hospital (Pvt.) Ltd,23.743235,90.435261
hospital,National H eart Foundation,23.846749,90.428496
hospital,Al-Biruni Hospital,23.841886,90.33091
hospital,Appolo Hospital,23.845881,90.416593
hospital,Crescent Hospital &,23.855171,90.366874
hospital,Dustha Shasta Hospital,23.87903,90.420983
hospital,Proshanti Hospital Ltd,23.860786,90.406383
hospital,Khaliqun Nessa General Hospital,23.755795,90.467943
hospital,New Al -Rajhi Hosital,23.843421,90.371913
hospital,Nez-E-Noor Hospital,23.706858,90.34616
hospital,Shaheed Suhrwardi,23.840447,90.450969
hospital,Eden Malticare Hospital,23.76762,90.402461
