type,name,lat,lon
hospital,Gastroliver Hospital &,23.725788,90.456759
hospital,Rushmono Gen eral Hospital,23.761275,90.416893
hospital,Dhaka Shishu Hospital,23.855602,90.462573
hospital,Millennium Heart & Feneral Hospital,23.696022,90.356015
hospital,S.P.R.C. Hospital,23.710911,90.460183
hospital,Nibedita Shishu Hospita Ltd,23.701407,90.407451
hospital,"Rmo, Ibn Sina Hospital",23.859785,90.359411
hospital,Islamia Arogya Sadan Ltd,23.849739,90.353284
hospital,Farabi General Hospital,23.704201,90.361458
hospital,Platonic International,23.695049,90.453635
hospital,Icddrb,23.764376,90.368996
hospital,Aichi Hospital,23.858436,90.342171
hospital,Care Madical Center Ltd,23.732976,90.364528
hospital,Royel Hospital (Pvt.) Ltd,23.836023,90.453779
hospital,Fashion Eye Hospital Ltd,23.747617,90.412363
hospital,City Hospital (Pvt) Ltd,23.692706,90.383427
hospital,Shoboj Moti Shastha Seba,23.839069,90.361863
hospital,dial General Hospital Ltd,23.729961,90.459257
hospital,Eden Malticare Hospital,23.76762,90.402461
hospital,Islamia Eye Hospital,23.777128,90.359925
hospital,Sir Salimullah Medical College & Mitford,23.684733,90.357038
hospital,Crescent Gastroliver &,23.770745,90.463534
hospital,Centre For The Rehabilitation Of The Paralysed (Crp),23.75988,90.360705
hospital,Dr. Salahudding Hospital,23.764628,90.359652
hospital,Hyfia General Hospital,23.760524,90.377502
hospital,B.D.F. Hospital,23.695958,90.362591
hospital,Brighton Hospital Ltd,23.855274,90.374055
hospital,Mukti,23.694652,90.359842
hospital,Modern Harbal,23.798904,90.416713
hospital,Ibn Sina Hospital,23.718042,90.392806
hospital,Renaissance Hosspital &,23.709619,90.347842
hospital,Theol Medical College,23.757039,90.410722
hospital,Penta Star Hospita l,23.765537,90.331354
hospital,Yamagata Dhaka,23.812848,90.376228
hospital,Women And Children'S,23.752844,90.339796
hospital,Institute Of Chestdiseases,23.768626,90.450589
hospital,General Medical Hospital,23.727601,90.423657
hospital,Birdem,23.72581,90.334494
hospital,Stone Cursh Hospital,23.87408,90.354999
hospital,Dhaka Renal Centre &,23.741503,90.33811
hospital,Parkway Healthcare,23.807423,90.366674
hospital,Aysha Memorial,23.72558,90.370514
hospital,Harun Eye Foundation &,23.699386,90.390347
hospital,Bangkok Hospital,23.754036,90.359331
hospital,Maula Buksh Sardar Charitable Hospital,23.710959,90.371539
hospital,Al-Fateh Medical Sevices (Pvt) Ltd,23.841164,90.42774
hospital,Mental Health Care,23.78057,90.449381
hospital,Ogsb Maternity Hospital,23.777706,90.456747
hospital,I.R. Ltd,23.852335,90.364812
hospital,Dhanmondi Hospital (Pvt),23.697131,90.398039
hospital,Dhaka Community Hospital,23.739689,90.419453
hospital,Monowara General Hospital,23.814338,90.372
hospital,Greenland Hospital,23.841499,90.356657
hospital,Bangladesh Telemedicine,23.71268,90.383124
hospital,Al-Biruni Hospital,23.841886,90.33091
hospital,Ad-Din Hospital,23.735006,90.36125
hospital,The Barakah General,23.872507,90.367165
hospital,Jahangirnagar Hospital Ltd,23.760208,90.338209
hospital,Rmc Hospital & Dignostic,23.839224,90.450498
hospital,Community Eye Hospital,23.682296,90.430901
hospital,International Hospital,23.879856,90.447044
hospital,Mirpur Holy Crescent,23.727041,90.346784
hospital,Medistine Hospital,23.788439,90.434717
hospital,Bnsb Dhaka,23.743091,90.367484
hospital,Cholera Hospital (Icddrb),23.70193,90.417842
hospital,Al-Manar Hospital,23.871443,90.377123
hospital,Rihd Pangu Hospital,23.741652,90.455857
hospital,Paroshmani,23.828246,90.407235
hospital,Kemal Ataturk Avenue,23.787246,90.466236
hospital,Neurology Foundation & Hospital,23.810795,90.331095
