type,name,lat,lon
hospital,Neurology Foundation & Hospital,23.810795,90.331095
hospital,Al-Mohite General Hospital & Diagnostic,23.849499,90.414522
hospital,Al Anaiet Adhunik,23.764384,90.334172
hospital,Shamoli Orthoprdic General Hospital (Pvt) Ltd,23.84215,90.367353
hospital,Crescent Hospital &,23.855171,90.366874
hospital,Pan Pacific Hospital &,23.680709,90.437957
hospital,Crescent Gastroliver &,23.770745,90.463534
hospital,Islamia Eye Hospital,23.777128,90.359925
hospital,Fashion Eye Hospital Ltd,23.747617,90.412363
hospital,Squar Diagnostic & Hospital Services Ltd Ak,23.87623,90.40507
hospital,Ibn Sina Hospital,23.718042,90.392806
hospital,Dhaka Orthopaedic,23.855744,90.446433
hospital,Birdem,23.72581,90.334494
hospital,New Mukti Clinic,23.812678,90.46145
hospital,Islamia Arogya Sadan Ltd,23.849739,90.353284
hospital,Women And Children'S,23.752844,90.339796
hospital,Al-Manar Hospital,23.871443,90.377123
hospital,Meriland Hospital,23.711487,90.464509
hospital,CMH (Dhaka,23.874216,90.450509
hospital,Greenland Hospital,23.841499,90.356657
hospital,Amri Hospitals,23.841426,90.432162
hospital,North South Medical,23.823522,90.358504
hospital,National Diagnostic Network (Ndn),23.753905,90.352085
hospital,Shahid Suhrawardy Hospital,23.807885,90.333502
hospital,General Hospital Ltd,23.851927,90.33992
hospital,Dhaka Medical College &,23.835725,90.40425
hospital,Bangkok Hospital,23.754036,90.359331
hospital,Platonic International,23.695049,90.453635
hospital,Al-Biruni Hospital,23.841886,90.33091
hospital,Dr. Sultanas Poly Clinic,23.787859,90.43219
