type,name,lat,lon
hospital,Rushmono Gen eral Hospital,23.761275,90.416893
hospital,Savar General Hospital,23.746437,90.460314
hospital,National Medical College,23.802336,90.468213
hospital,Jahangirnagar Hospital Ltd,23.760208,90.338209
hospital,Munsor Ali Medical,23.73304,90.460656
hospital,Mojibunnessa Eye,23.763845,90.411714
hospital,Yamagata Dhaka,23.812848,90.376228
hospital,Green Land Hospital,23.774534,90.439847
hospital,Bangladesh Heart &,23.809607,90.415278
hospital,Diganta Anti Drug,23.775056,90.406973
hospital,Shaheed Suhrwardi,23.840447,90.450969
hospital,Arimo Genera l Hospital,23.852341,90.410829
hospital,Bangladesh Association For The Aged & Institute Of Gerecitric Medicine,23.733396,90.461132
hospital,South Asian Hospital Ltd,23.873378,90.369077
hospital,dial General Hospital Ltd,23.729961,90.459257
hospital,Al-Markazul Islami,23.698549,90.34354
hospital,Women And Children'S,23.752844,90.339796
hospital,Bumrungrad Hospital,23.811088,90.385388
hospital,Dhaka Community Hospital,23.739689,90.419453
hospital,Brighton Hospital Ltd,23.855274,90.374055
hospital,Medistine Hospital,23.788439,90.434717
hospital,Sharkari Karmachari,23.837475,90.345133
hospital,Sonargaon Health Care,23.745652,90.451009
hospital,Centre For Health And Development Medical,23.796917,90.455695
hospital,Bangladesh Telemedicine,23.71268,90.383124
hospital,Anjuman -E-Mofidul,23.755707,90.407286
hospital,Rihd Pangu Hospital,23.741652,90.455857
hospital,Gastroliver Hospital &,23.725788,90.456759
hospital,Medi Prime Orthopaedic,23.873742,90.411085
hospital,Squar Diagnostic & Hospital Services Ltd Ak,23.87623,90.40507
hospital,Ahmed Medical Centre,23.827294,90.424738
hospital,Eden Malticare Hospital,23.76762,90.402461
hospital,Al-Ahsraf General,23.724088,90.412497
hospital,China -Bangla H ospital,23.698182,90.336596
hospital,Arogya Niketan Hospital,23.820914,90.336415
hospital,Bangal Nursing Home Ltd,23.807137,90.381077
hospital,Brain & Maind Hospital,23.722197,90.462007
hospital,Trauma & Orthopaedic,23.730945,90.42923
hospital,Al-Fateh Medical Sevices (Pvt) Ltd,23.841164,90.42774
hospital,General Hospital Ltd,23.851927,90.33992
hospital,Al Jebel -E-Nur Heart Ltd,23.685307,90.357837
hospital,Central Hospital Ltd,23.792274,90.366784
hospital,S.P.R.C. Hospital,23.710911,90.460183
hospital,Crescent Hospital &,23.855171,90.366874
hospital,Monoawara Hospital (Pvt),23.720852,90.430267
hospital,Stoncrast Hospital,23.867847,90.346148
hospital,Shefa Nurshing Home,23.724487,90.444322
hospital,Shoboj Moti Shastha Seba,23.839069,90.361863
hospital,Saphena Hospital,23.684957,90.433119
hospital,Kemal Ataturk Avenue,23.787246,90.466236
