type,name,lat,lon
hospital,Squar Diagnostic & Hospital Services Ltd Ak,23.87623,90.40507
hospital,The Mark Ent & General,23.825709,90.373915
hospital,Medistine Hospital,23.788439,90.434717
hospital,Dhaka Renal Centre &,23.741503,90.33811
hospital,Islamia Arogya Sadan Ltd,23.849739,90.353284
hospital,Amri Hospitals,23.841426,90.432162
hospital,Al-Biruni Hospital,23.841886,90.33091
hospital,Kemal Ataturk Avenue,23.787246,90.466236
hospital,O. S. B Eye Hospital,23.806848,90.366958
hospital,Monowara General Hospital,23.814338,90.372
hospital,Maula Buksh Sardar Charitable Hospital,23.710959,90.371539
hospital,Icddrb,23.764376,90.368996
hospital,Appolo Hospital,23.845881,90.416593
hospital,Shaheed Suhrwardi,23.840447,90.450969
hospital,Green Hospital,23.867103,90.409946
hospital,Mojibunnessa Eye,23.763845,90.411714
hospital,Khaliqun Nessa General Hospital,23.755795,90.467943
hospital,Dhaka Shishu Hospital,23.855602,90.462573
hospital,Cresent Gestolever &,23.780117,90.355011
hospital,Centre For The Rehabilitation Of The Paralysed (Crp),23.75988,90.360705
