type,name,lat,lon
hospital,Squar Diagnostic & Hospital Services Ltd Ak,23.87623,90.40507
hospital,The Mark Ent & General,23.825709,90.373915
hospital,Medistine Hospital,23.788439,90.434717
hospital,Dhaka Renal Centre &,23.741503,90.33811
hospital,Islamia Arogya Sadan Ltd,23.849739,90.353284
hospital,Amri Hospitals,23.841426,90.432162
hospital,Al-Biruni Hospital,23.841886,90.33091
hospital,Kemal Ataturk Avenue,23.787246,90.466236
hospital,O. S. B Eye Hospital,23.806848,90.366958
hospital,Monowara General Hospital,23.814338,90.372
hospital,Maula Buksh Sardar Charitable Hospital,23.710959,90.371539
hospital,Icddrb,23.764376,90.368996
hospital,Appolo Hospital,23.845881,90.416593
hospital,Shaheed Suhrwardi,23.840447,90.450969
hospital,Green Hospital,23.867103,90.409946
hospital,Mojibunnessa Eye,23.763845,90.411714
hospital,Khaliqun Nessa General Hospital,23.755795,90.467943
hospital,Dhaka Shishu Hospital,23.855602,90.462573
hospital,Cresent Gestolever &,23.780117,90.355011
hospital,Centre For The Rehabilitation Of The Paralysed (Crp),23.75988,90.360705
hospital,Bari-Llizarov Orthopedic,23.877905,90.4196
hospital,Bangal Nursing Home Ltd,23.807137,90.381077
hospital,"Rmo, Ibn Sina Hospital",23.859785,90.359411
hospital,Institute Of Chestdiseases,23.768626,90.450589
hospital,Diabetic Association Of Bangladesh,23.693843,90.436484
hospital,Mujibunnesa Eye Hospital,23.879691,90.469454
hospital,Monon Psychiatry,23.727737,90.38541
hospital,Arimo Genera l Hospital,23.852341,90.410829
hospital,Cholera Hospital (Icddrb),23.70193,90.417842
hospital,Dustha Shasta Hospital,23.87903,90.420983
hospital,Shefa Nurshing Home,23.724487,90.444322
hospital,Dhanmondi Hospital (Pvt),23.697131,90.398039
hospital,Al- Helal Speacialist Hospital,23.723728,90.40075
hospital,National H eart Foundation,23.846749,90.428496
hospital,Shishu Foundation,23.772061,90.372727
hospital,Savar General Hospital,23.746437,90.460314
hospital,Fashion Eye Hospital Ltd,23.747617,90.412363
hospital,Meditech General,23.691433,90.411785
hospital,Community Hospital,23.816342,90.405176
hospital,Brain & Maind Hospital,23.722197,90.462007
hospital,Modern Clinic Of Surgery,23.858057,90.36447
hospital,Dhaka General Hospital,23.832502,90.405513
hospital,Samoly Orthopaedic Hospital,23.842154,90.453398
hospital,Eden Malticare Hospital,23.76762,90.402461
hospital,Diagnosis,23.833167,90.347975
hospital,Bangladesh Telemedicine,23.71268,90.383124
hospital,Mukti,23.694652,90.359842
hospital,Renaissance Hosspital &,23.709619,90.347842
hospital,Shamoli Orthoprdic General Hospital (Pvt) Ltd,23.84215,90.367353
hospital,Bdm Hospital,23.79139,90.425846
hospital,Rihd Pangu Hospital,23.741652,90.455857
hospital,Al-Manar Hospital,23.871443,90.377123
hospital,Centre For Health And Development Medical,23.796917,90.455695
hospital,The Barakah General,23.872507,90.367165
hospital,Crescent Hospital &,23.855171,90.366874
hospital,Institute Of Child Health,23.790065,90.337082
hospital,I.R. Ltd,23.852335,90.364812
hospital,Bangladesh Association For The Aged & Institute Of Gerecitric Medicine,23.733396,90.461132
hospital,Cancer Home Cancer & Breast Clinic,23.86291,90.394239
hospital,Mirpur Holy Crescent,23.727041,90.346784
hospital,Rog Mukti General Hospital,23.729906,90.344391
hospital,National Medical College,23.802336,90.468213
hospital,Uttara Central Hospital,23.78769,90.43072
hospital,Nirupom,23.73447,90.414676
hospital,Ahmed Medical Centre,23.827294,90.424738
hospital,Christian Medical Hospital,23.838416,90.389102
hospital,dial General Hospital Ltd,23.729961,90.459257
hospital,North South Medical,23.823522,90.358504
hospital,Monoawara Hospital (Pvt),23.720852,90.430267
hospital,Brighton Hospital Ltd,23.855274,90.374055
hospital,Nibedita Shishu Hospita Ltd,23.701407,90.407451
hospital,B.D.F. Hospital,23.695958,90.362591
hospital,Millennium Heart & Feneral Hospital,23.696022,90.356015
hospital,General Hospital Ltd,23.851927,90.33992
hospital,The Specialized Hospital,23.801242,90.401599
hospital,Al-Madina General,23.74805,90.351767
hospital,Mental Health Care,23.78057,90.449381
hospital,Proshanti Hospital Ltd,23.860786,90.406383
hospital,Al Jebel -E-Nur Heart Ltd,23.685307,90.357837
hospital,Bangladesh Heart &,23.809607,90.415278
hospital,Islami Bank Hospital,23.873799,90.459691
hospital,Al Anaiet Adhunik,23.764384,90.334172
hospital,Bengal Nursing Home (Pvt.),23.84857,90.43864
hospital,Malakunessa General,23.791154,90.430577
hospital,New Mukti Clinic,23.812678,90.46145
hospital,Health And Hope Ltd,23.825815,90.424271
hospital,New Al -Rajhi Hosital,23.843421,90.371913
hospital,Al-Fateh Medical Sevices (Pvt) Ltd,23.841164,90.42774
hospital,Mother Care Hospital (Pvt.) Ltd,23.743235,90.435261
hospital,Mounty Hospital,23.694509,90.39416
hospital,Nez-E-Noor Hospital,23.706858,90.34616
hospital,Shahid Suhrawardy Hospital,23.807885,90.333502
hospital,Shoboj Moti Shastha Seba,23.839069,90.361863
hospital,Padma General Hospital,23.764715,90.368735
hospital,Diganta Anti Drug,23.775056,90.406973
hospital,Theol Medical College,23.757039,90.410722
hospital,Dhaka Orthopaedic,23.855744,90.446433
hospital,China -Bangla H ospital,23.698182,90.336596
hospital,Meriland Hospital,23.711487,90.464509
hospital,Bangladesh Medical,23.714228,90.432078
hospital,Central Hospital Ltd,23.792274,90.366784
hospital,Parkway Healthcare,23.807423,90.366674
hospital,Paroshmani,23.828246,90.407235
hospital,Bangkok Hospital,23.754036,90.359331
hospital,Bangabandhu Shiekh,23.7002,90.368916
hospital,Ogsb Maternity Hospital,23.777706,90.456747
hospital,Gastroliver Hospital &,23.725788,90.456759
hospital,Faud Al Khatib Hospital,23.726023,90.36083
hospital,Grain & Mind Hospital,23.722847,90.348524
hospital,Care Madical Center Ltd,23.732976,90.364528
hospital,Modern Harbal,23.798904,90.416713
hospital,Green Land Hospital,23.774534,90.439847
hospital,Farabi General Hospital,23.704201,90.361458
hospital,Uro Care Medical Center,23.680338,90.459581
hospital,S.P.R.C. Hospital,23.710911,90.460183
hospital,City Hospital (Pvt) Ltd,23.692706,90.383427
hospital,Ibn Sina Hospital,23.718042,90.392806
hospital,Pan Pacific Hospital &,23.680709,90.437957
hospital,Stone Cursh Hospital,23.87408,90.354999
hospital,Dhaka Medical College &,23.835725,90.40425
